conflict_id,country_id
0,248
0,220
1,248
1,240
2,248
2,250
3,248
3,220
4,248
4,240
5,248
5,250
6,177
6,304
7,177
7,304
8,375
8,291
9,375
9,291
10,375
10,291
11,375
11,291
12,375
12,291
13,304
13,379
14,304
14,375
15,304
15,379
16,304
16,375
17,304
17,379
18,304
18,375
19,304
19,379
20,304
20,375
21,304
21,379
22,304
22,375
23,304
23,379
24,304
24,375
25,248
25,220
26,248
26,240
27,248
27,82
28,304
28,888
29,177
29,888
30,304
30,888
31,177
31,888
32,304
32,888
33,177
33,888
34,304
34,888
35,177
35,888
36,304
36,888
37,177
37,888
38,379
38,304
39,375
39,304
40,379
40,304
41,375
41,304
42,379
42,304
43,375
43,304
44,379
44,304
45,375
45,304
46,379
46,304
47,375
47,304
48,379
48,304
49,375
49,304
50,379
50,304
51,375
51,56
52,375
52,304
53,379
53,56
54,216
54,304
55,216
55,56
56,379
56,304
57,375
57,56
58,375
58,304
59,379
59,56
60,216
60,304
61,216
61,56
62,379
62,304
63,375
63,56
64,375
64,304
65,379
65,56
66,216
66,304
67,216
67,56
68,379
68,304
69,375
69,56
70,375
70,304
71,379
71,56
72,216
72,304
73,216
73,56
74,379
74,304
75,375
75,304
76,216
76,304
77,379
77,304
78,375
78,304
79,177
79,304
80,216
80,304
81,379
81,304
82,375
82,304
83,177
83,304
84,216
84,304
85,379
85,304
86,375
86,304
87,177
87,304
88,216
88,304
89,375
89,888
90,177
90,304
91,177
91,375
92,177
92,304
93,177
93,304
94,177
94,66
95,177
95,375
96,177
96,304
97,177
97,375
98,177
98,66
99,177
99,375
100,177
100,304
101,177
101,375
102,177
102,66
103,177
103,375
104,177
104,304
105,177
105,375
106,177
106,66
107,177
107,375
108,177
108,304
109,177
109,375
110,177
110,66
111,177
111,66
112,177
112,66
113,177
113,304
114,177
114,178
115,216
115,343
116,304
116,343
117,216
117,343
118,304
118,343
119,172
119,216
120,343
120,216
121,172
121,19
122,343
122,19
123,172
123,20
124,343
124,20
125,172
125,27
126,343
126,27
127,172
127,56
128,343
128,56
129,172
129,28
130,343
130,28
131,172
131,29
132,343
132,29
133,172
133,63
134,343
134,63
135,172
135,304
136,343
136,304
137,172
137,379
138,343
138,379
139,83
139,245
140,216
140,245
141,83
141,245
142,216
142,245
143,83
143,245
144,216
144,245
145,83
145,245
146,216
146,245
147,83
147,245
148,216
148,245
149,83
149,245
150,216
150,245
151,379
151,349
152,216
152,349
153,379
153,349
154,216
154,349
155,379
155,349
156,216
156,349
157,379
157,349
158,216
158,349
159,379
159,157
160,216
160,157
161,172
161,157
162,379
162,157
163,216
163,157
164,172
164,157
165,66
165,99999
166,66
166,177
167,66
167,27
168,66
168,304
169,66
169,99999
170,66
170,177
171,66
171,27
172,66
172,304
173,66
173,99999
174,66
174,177
175,66
175,27
176,66
176,304
177,375
177,177
178,375
178,177
179,375
179,177
180,375
180,177
181,375
181,777
182,375
182,777
183,375
183,777
184,240
184,245
185,304
185,245
186,177
186,245
187,240
187,245
188,304
188,245
189,177
189,245
190,240
190,245
191,304
191,245
192,177
192,245
193,304
193,245
194,177
194,245
195,276
195,240
196,276
196,240
197,276
197,240
198,83
198,245
199,83
199,245
200,304
200,83
201,177
201,83
202,343
202,83
203,83
203,245
204,304
204,83
205,177
205,83
206,343
206,83
207,83
207,245
208,304
208,83
209,177
209,83
210,343
210,83
211,70
211,390
212,70
212,389
213,390
213,385
214,389
214,385
215,390
215,385
216,389
216,385
217,216
217,172
218,390
218,172
219,216
219,172
220,390
220,172
221,216
221,172
222,390
222,172
223,216
223,172
224,390
224,172
225,66
225,296
226,66
226,296
227,66
227,296
228,66
228,296
229,66
229,296
230,177
230,375
231,304
231,379
232,304
232,379
233,375
233,304
234,375
234,304
235,375
235,304
236,375
236,304
237,375
237,304
238,375
238,304
239,375
239,304
240,375
240,304
241,375
241,304
242,375
242,177
243,375
243,304
244,375
244,177
245,375
245,304
246,375
246,177
247,375
247,304
248,375
248,177
249,304
249,375
250,304
250,66
251,304
251,385
252,304
252,177
253,304
253,375
254,304
254,66
255,304
255,385
256,304
256,177
257,304
257,375
258,304
258,379
259,304
259,375
260,304
260,379
261,177
261,304
262,177
262,304
263,177
263,304
264,177
264,304
265,177
265,375
266,177
266,304
267,177
267,375
268,177
268,304
269,177
269,375
270,177
270,304
271,177
271,375
272,177
272,304
273,177
273,375
274,177
274,304
275,177
275,375
276,177
276,375
277,346
277,304
278,343
278,304
279,339
279,304
280,346
280,375
281,343
281,375
282,339
282,375
283,346
283,304
284,343
284,304
285,339
285,304
286,346
286,375
287,343
287,375
288,339
288,375
289,346
289,304
290,343
290,304
291,339
291,304
292,346
292,375
293,343
293,375
294,339
294,375
295,346
295,304
296,343
296,304
297,339
297,304
298,346
298,375
299,343
299,375
300,339
300,375
301,343
301,304
302,339
302,304
303,343
303,375
304,339
304,375
305,56
305,304
306,27
306,304
307,216
307,304
308,379
308,304
309,56
309,304
310,20
310,304
311,157
311,304
312,27
312,304
313,172
313,304
314,216
314,304
315,379
315,304
316,375
316,304
317,66
317,304
318,296
318,304
319,56
319,304
320,20
320,304
321,157
321,304
322,27
322,304
323,172
323,304
324,216
324,304
325,379
325,304
326,375
326,304
327,66
327,304
328,296
328,304
329,56
329,304
330,20
330,304
331,157
331,304
332,27
332,304
333,172
333,304
334,216
334,304
335,379
335,304
336,375
336,304
337,66
337,304
338,296
338,304
339,56
339,304
340,20
340,304
341,157
341,304
342,27
342,304
343,216
343,304
344,379
344,304
345,296
345,304
346,56
346,375
347,20
347,375
348,157
348,375
349,27
349,375
350,216
350,375
351,379
351,375
352,296
352,375
353,20
353,304
354,157
354,304
355,27
355,304
356,216
356,304
357,379
357,304
358,296
358,304
359,20
359,375
360,157
360,375
361,27
361,375
362,216
362,375
363,379
363,375
364,296
364,375
365,343
365,304
366,339
366,304
367,344
367,304
368,343
368,304
369,339
369,304
370,344
370,304
371,343
371,304
372,339
372,304
373,344
373,304
374,343
374,304
375,339
375,304
376,344
376,304
377,343
377,304
378,339
378,304
379,343
379,375
380,339
380,375
381,346
381,304
382,339
382,304
383,346
383,375
384,339
384,375
385,304
385,296
386,375
386,296
387,20
387,304
388,157
388,304
389,27
389,304
390,216
390,304
391,379
391,304
392,296
392,304
393,20
393,375
394,157
394,375
395,27
395,375
396,216
396,375
397,379
397,375
398,296
398,375
399,20
399,304
400,157
400,304
401,27
401,304
402,216
402,304
403,379
403,304
404,83
404,304
405,296
405,304
406,20
406,375
407,157
407,375
408,27
408,375
409,216
409,375
410,379
410,375
411,83
411,375
412,296
412,375
413,27
413,304
414,216
414,304
415,379
415,304
416,296
416,304
417,27
417,375
418,216
418,375
419,379
419,375
420,296
420,375
421,27
421,304
422,216
422,304
423,379
423,304
424,385
424,304
425,27
425,375
426,216
426,375
427,379
427,375
428,385
428,375
429,27
429,304
430,177
430,304
431,216
431,304
432,379
432,304
433,385
433,304
434,27
434,375
435,216
435,375
436,379
436,375
437,385
437,375
438,296
438,304
439,296
439,375
440,296
440,304
441,296
441,375
442,379
442,56
443,216
443,56
444,379
444,56
445,216
445,56
446,172
446,56
447,379
447,56
448,216
448,56
449,172
449,56
450,379
450,56
451,216
451,56
452,172
452,56
453,390
453,379
454,385
454,70
455,385
455,70
456,385
456,70
457,385
457,379
458,385
458,390
459,385
459,83
460,385
460,389
461,385
461,70
462,385
462,379
463,385
463,390
464,385
464,83
465,385
465,389
466,385
466,70
467,385
467,66
468,385
468,379
469,385
469,390
470,385
470,83
471,385
471,389
472,385
472,70
473,385
473,66
474,385
474,379
475,385
475,390
476,385
476,83
477,385
477,389
478,385
478,70
479,385
479,66
480,385
480,379
481,385
481,390
482,385
482,83
483,385
483,389
484,83
484,385
485,390
485,385
486,389
486,385
487,70
487,83
488,83
488,385
489,390
489,385
490,389
490,385
491,70
491,83
492,83
492,385
493,390
493,385
494,70
494,385
495,389
495,385
496,70
496,83
497,83
497,385
498,390
498,385
499,70
499,385
500,389
500,385
501,70
501,83
502,83
502,385
503,390
503,385
504,70
504,385
505,389
505,385
506,70
506,83
507,83
507,385
508,390
508,385
509,70
509,385
510,389
510,385
511,70
511,83
512,83
512,385
513,390
513,385
514,70
514,385
515,389
515,385
516,70
516,83
517,83
517,385
518,390
518,385
519,70
519,385
520,389
520,385
521,70
521,83
522,83
522,385
523,390
523,385
524,70
524,385
525,389
525,385
526,70
526,83
527,83
527,385
528,390
528,385
529,70
529,385
530,389
530,385
531,245
531,177
532,245
532,27
533,245
533,304
534,245
534,83
535,245
535,177
536,245
536,27
537,245
537,304
538,245
538,83
539,245
539,177
540,245
540,27
541,245
541,304
542,245
542,83
543,245
543,177
544,245
544,27
545,245
545,304
546,245
546,83
547,379
547,87
548,216
548,87
549,379
549,87
550,216
550,87
551,379
551,87
552,216
552,87
553,379
553,87
554,379
554,170
555,379
555,216
556,177
556,304
557,178
557,304
558,177
558,304
559,178
559,304
560,177
560,304
561,178
561,304
562,177
562,304
563,178
563,304
564,177
564,304
565,178
565,304
566,177
566,304
567,177
567,304
568,177
568,304
569,177
569,304
570,304
570,343
571,347
571,343
572,304
572,379
573,304
573,216
574,343
574,216
575,304
575,339
576,304
576,339
577,304
577,339
578,304
578,339
579,304
579,339
580,304
580,339
581,375
581,339
582,304
582,339
583,304
583,375
584,375
584,339
585,304
585,339
586,304
586,375
587,375
587,339
588,304
588,339
589,304
589,375
590,375
590,339
591,304
591,339
592,304
592,375
593,375
593,339
594,177
594,888
595,177
595,888
596,304
596,888
597,66
597,888
598,375
598,296
599,375
599,296
600,375
600,296
601,375
601,296
602,375
602,296
603,389
603,3333
604,385
604,3333
605,390
605,3333
606,389
606,3333
607,385
607,3333
608,390
608,3333
609,389
609,3333
610,385
610,3333
611,390
611,3333
612,389
612,3333
613,385
613,3333
614,390
614,3333
615,177
615,888
616,375
616,888
617,304
617,888
618,177
618,390
619,177
619,389
620,177
620,390
621,177
621,389
622,177
622,390
623,177
623,389
624,177
624,390
625,177
625,389
626,177
626,390
627,177
627,389
628,177
628,390
629,177
629,389
630,177
630,390
631,177
631,389
632,177
632,390
633,177
633,389
634,177
634,304
635,177
635,20
636,177
636,20
637,177
637,375
638,177
638,304
639,177
639,20
640,177
640,20
641,177
641,375
642,177
642,304
643,177
643,20
644,177
644,20
645,177
645,375
646,177
646,304
647,177
647,20
648,177
648,20
649,177
649,375
650,177
650,304
651,177
651,375
652,177
652,304
653,177
653,304
654,177
654,304
655,177
655,304
656,177
656,304
657,177
657,304
658,177
658,304
659,177
659,304
660,83
660,304
661,83
661,304
662,83
662,390
663,83
663,389
664,83
664,304
665,83
665,390
666,83
666,389
667,83
667,304
668,83
668,390
669,83
669,389
670,56
670,304
671,27
671,304
672,172
672,304
673,216
673,304
674,375
674,304
675,83
675,304
676,66
676,304
677,296
677,304
678,346
678,304
679,343
679,304
680,339
680,304
681,344
681,304
682,385
682,304
683,296
683,304
684,296
684,375
685,296
685,304
686,296
686,304
687,296
687,304
688,296
688,304
689,296
689,304
690,296
690,390
691,296
691,389
692,296
692,304
693,296
693,390
694,296
694,389
695,296
695,304
696,296
696,390
697,296
697,389
698,172
698,83
699,216
699,83
700,83
700,304
701,343
701,304
702,339
702,304
703,343
703,20
704,339
704,20
705,343
705,20
706,339
706,20
707,343
707,375
708,339
708,375
709,343
709,304
710,339
710,304
711,343
711,20
712,339
712,20
713,343
713,20
714,339
714,20
715,343
715,375
716,339
716,375
717,343
717,304
718,339
718,304
719,343
719,20
720,339
720,20
721,343
721,20
722,339
722,20
723,343
723,375
724,339
724,375
725,343
725,304
726,339
726,304
727,343
727,20
728,339
728,20
729,343
729,20
730,339
730,20
731,343
731,375
732,339
732,375
733,343
733,304
734,343
734,375
735,343
735,304
736,343
736,304
737,343
737,304
738,343
738,304
739,343
739,304
740,343
740,390
741,343
741,389
742,343
742,304
743,343
743,390
744,343
744,389
745,343
745,304
746,343
746,390
747,343
747,389
748,375
748,304
749,375
749,304
750,375
750,304
751,375
751,304
752,375
752,304
753,375
753,390
754,375
754,389
755,375
755,304
756,375
756,390
757,375
757,389
758,375
758,304
759,375
759,390
760,375
760,389
761,216
761,304
762,83
762,304
763,83
763,304
764,83
764,20
765,83
765,20
766,83
766,375
767,83
767,304
768,83
768,375
769,172
769,304
770,216
770,304
771,385
771,304
772,172
772,390
773,216
773,390
774,385
774,390
775,172
775,389
776,216
776,389
777,385
777,389
778,172
778,304
779,216
779,304
780,346
780,304
781,385
781,304
782,172
782,390
783,216
783,390
784,346
784,390
785,385
785,390
786,172
786,389
787,216
787,389
788,346
788,389
789,385
789,389
790,56
790,304
791,27
791,304
792,56
792,20
793,27
793,20
794,56
794,157
795,27
795,20
796,56
796,375
797,27
797,375
798,56
798,304
799,27
799,304
800,216
800,304
801,379
801,304
802,56
802,20
803,27
803,20
804,216
804,20
805,379
805,20
806,56
806,20
807,27
807,20
808,216
808,20
809,379
809,20
810,56
810,375
811,27
811,375
812,216
812,375
813,379
813,375
814,56
814,304
815,27
815,304
816,216
816,304
817,379
817,304
818,83
818,304
819,385
819,304
820,56
820,20
821,27
821,20
822,216
822,20
823,379
823,20
824,83
824,20
825,385
825,20
826,56
826,20
827,27
827,20
828,216
828,20
829,379
829,20
830,83
830,20
831,385
831,20
832,56
832,375
833,27
833,375
834,216
834,375
835,379
835,375
836,83
836,375
837,385
837,375
838,56
838,304
839,27
839,304
840,172
840,304
841,216
841,304
842,379
842,304
843,56
843,20
844,27
844,20
845,172
845,20
846,216
846,20
847,379
847,20
848,56
848,20
849,27
849,20
850,172
850,20
851,216
851,20
852,379
852,20
853,56
853,375
854,27
854,375
855,172
855,375
856,216
856,375
857,379
857,375
858,172
858,304
859,172
859,375
860,375
860,291
861,304
861,177
862,304
862,66
863,304
863,379
864,304
864,375
865,304
865,177
866,304
866,66
867,304
867,379
868,304
868,375
869,304
869,177
870,304
870,66
871,304
871,379
872,304
872,375
873,304
873,177
874,304
874,66
875,304
875,379
876,304
876,375
877,304
877,177
878,304
878,66
879,304
879,379
880,304
880,375
881,304
881,177
882,304
882,66
883,304
883,379
884,304
884,375
885,304
885,177
886,304
886,66
887,304
887,379
888,304
888,375
889,304
889,177
890,304
890,66
891,304
891,379
892,304
892,375
893,304
893,177
894,304
894,66
895,304
895,379
896,304
896,375
897,304
897,177
898,304
898,66
899,304
899,379
900,304
900,375
901,379
901,245
902,379
902,245
903,379
903,245
904,379
904,245
905,379
905,245
906,379
906,245
907,379
907,245
908,379
908,245
909,379
909,245
910,379
910,245
911,379
911,245
912,379
912,245
913,379
913,245
914,245
914,379
915,245
915,87
916,245
916,379
917,245
917,87
918,245
918,379
919,245
919,87
920,245
920,379
921,245
921,87
922,245
922,379
923,245
923,87
924,245
924,379
925,245
925,87
926,245
926,379
927,245
927,87
928,245
928,379
929,245
929,87
930,245
930,379
931,245
931,87
932,245
932,379
933,245
933,87
934,245
934,379
935,245
935,87
936,245
936,379
937,245
937,379
938,245
938,379
939,379
939,245
940,379
940,245
941,379
941,245
942,379
942,245
943,379
943,245
944,379
944,245
945,379
945,245
946,379
946,245
947,379
947,245
948,379
948,245
949,379
949,245
950,379
950,245
951,216
951,245
952,379
952,245
953,216
953,245
954,379
954,245
955,216
955,245
956,379
956,245
957,216
957,245
958,379
958,245
959,216
959,245
960,379
960,245
961,216
961,245
962,379
962,245
963,216
963,245
964,379
964,245
965,216
965,245
966,379
966,245
967,216
967,245
968,379
968,245
969,216
969,245
970,379
970,245
971,216
971,245
972,379
972,245
973,216
973,245
974,379
974,245
975,216
975,245
976,379
976,245
977,216
977,245
978,379
978,245
979,216
979,245
980,379
980,245
981,216
981,245
982,379
982,245
983,216
983,245
984,379
984,245
985,216
985,245
986,375
986,245
987,375
987,245
988,375
988,245
989,379
989,245
990,379
990,245
991,379
991,245
992,379
992,245
993,245
993,375
994,245
994,375
995,245
995,375
996,245
996,375
997,245
997,375
998,245
998,375
999,245
999,375
1000,245
1000,375
1001,245
1001,375
1002,245
1002,375
1003,245
1003,375
1004,245
1004,70
1005,245
1005,70
1006,245
1006,70
1007,245
1007,70
1008,245
1008,70
1009,245
1009,70
1010,245
1010,70
1011,245
1011,70
1012,375
1012,245
1013,375
1013,245
1014,375
1014,245
1015,375
1015,245
1016,375
1016,245
1017,375
1017,245
1018,375
1018,245
1019,375
1019,245
1020,375
1020,245
1021,375
1021,245
1022,70
1022,70
1023,70
1023,70
1024,70
1024,70
1025,385
1025,70
1026,385
1026,70
1027,385
1027,70
1028,385
1028,70
1029,385
1029,70
1030,385
1030,70
1031,385
1031,70
1032,385
1032,70
1033,385
1033,70
1034,385
1034,70
1035,379
1035,70
1036,379
1036,70
1037,379
1037,70
1038,379
1038,70
1039,379
1039,70
1040,379
1040,70
1041,70
1041,82
1042,75
1042,82
1043,70
1043,82
1044,75
1044,82
1045,296
1045,304
1046,296
1046,177
1047,296
1047,27
1048,296
1048,375
1049,296
1049,304
1050,296
1050,177
1051,296
1051,27
1052,296
1052,375
1053,296
1053,304
1054,296
1054,177
1055,296
1055,27
1056,296
1056,375
1057,296
1057,304
1058,296
1058,177
1059,296
1059,27
1060,296
1060,375
1061,83
1061,70
1062,83
1062,70
1063,83
1063,70
1064,83
1064,70
1065,83
1065,70
1066,83
1066,70
1067,83
1067,70
1068,83
1068,70
1069,83
1069,70
1070,83
1070,70
1071,83
1071,70
1072,385
1072,83
1073,385
1073,83
1074,385
1074,83
1075,385
1075,83
1076,385
1076,83
1077,70
1077,83
1078,70
1078,83
1079,70
1079,83
1080,70
1080,83
1081,83
1081,70
1082,83
1082,70
1083,83
1083,70
1084,83
1084,70
1085,70
1085,83
1086,70
1086,83
1087,70
1087,83
1088,70
1088,83
1089,70
1089,83
1090,70
1090,83
1091,70
1091,83
1092,70
1092,83
1093,70
1093,83
1094,70
1094,83
1095,70
1095,83
1096,70
1096,83
1097,70
1097,83
1098,70
1098,83
1099,70
1099,83
1100,70
1100,83
1101,70
1101,83
1102,70
1102,83
1103,70
1103,83
1104,83
1104,70
1105,83
1105,70
1106,83
1106,70
1107,83
1107,70
1108,83
1108,70
1109,83
1109,70
1110,83
1110,70
1111,83
1111,70
1112,83
1112,70
1113,83
1113,70
1114,83
1114,70
1115,83
1115,70
1116,83
1116,70
1117,83
1117,70
1118,83
1118,385
1119,390
1119,385
1120,389
1120,385
1121,83
1121,385
1122,390
1122,385
1123,389
1123,385
1124,83
1124,385
1125,390
1125,385
1126,389
1126,385
1127,390
1127,385
1128,389
1128,385
1129,83
1129,385
1130,390
1130,385
1131,389
1131,385
1132,83
1132,385
1133,385
1133,83
1134,385
1134,83
1135,385
1135,83
1136,83
1136,385
1137,83
1137,385
1138,83
1138,385
1139,83
1139,385
1140,83
1140,385
1141,83
1141,385
1142,83
1142,385
1143,83
1143,385
1144,83
1144,385
1145,83
1145,385
1146,83
1146,385
1147,83
1147,385
1148,83
1148,385
1149,83
1149,385
1150,83
1150,385
1151,385
1151,83
1152,385
1152,83
1153,385
1153,83
1154,385
1154,83
1155,385
1155,83
1156,385
1156,83
1157,83
1157,245
1158,177
1158,245
1159,83
1159,245
1160,177
1160,245
1161,83
1161,245
1162,177
1162,245
1163,83
1163,245
1164,177
1164,245
1165,83
1165,245
1166,177
1166,245
1167,83
1167,245
1168,177
1168,245
1169,83
1169,245
1170,177
1170,245
1171,83
1171,245
1172,83
1172,245
1173,83
1173,245
1174,83
1174,245
1175,83
1175,245
1176,83
1176,245
1177,83
1177,245
1178,379
1178,157
1179,216
1179,56
1180,216
1180,157
1181,172
1181,56
1182,172
1182,157
1183,170
1183,56
1184,170
1184,157
1185,379
1185,56
1186,379
1186,157
1187,216
1187,56
1188,216
1188,157
1189,172
1189,56
1190,172
1190,157
1191,170
1191,56
1192,170
1192,157
1193,379
1193,56
1194,177
1194,178
1195,177
1195,178
1196,177
1196,178
1197,177
1197,178
1198,177
1198,178
1199,177
1199,178
1200,177
1200,178
1201,177
1201,178
1202,177
1202,178
1203,177
1203,178
1204,177
1204,178
1205,177
1205,66
1206,177
1206,304
1207,296
1207,66
1208,296
1208,304
1209,177
1209,66
1210,177
1210,304
1211,177
1211,390
1212,296
1212,66
1213,296
1213,304
1214,296
1214,389
1215,177
1215,389
1216,177
1216,66
1217,177
1217,304
1218,177
1218,390
1219,296
1219,66
1220,296
1220,304
1221,296
1221,389
1222,177
1222,389
1223,177
1223,56
1224,66
1224,56
1225,385
1225,56
1226,177
1226,390
1227,66
1227,390
1228,385
1228,390
1229,177
1229,389
1230,66
1230,389
1231,385
1231,389
1232,177
1232,83
1233,66
1233,83
1234,385
1234,83
1235,385
1235,56
1236,385
1236,70
1237,385
1237,83
1238,385
1238,56
1239,385
1239,70
1240,385
1240,83
1241,385
1241,56
1242,385
1242,70
1243,385
1243,83
1244,385
1244,56
1245,385
1245,70
1246,385
1246,83
1247,385
1247,56
1248,385
1248,70
1249,385
1249,83
1250,385
1250,56
1251,385
1251,83
1252,70
1252,385
1253,385
1253,83
1254,385
1254,83
1255,385
1255,56
1256,385
1256,390
1257,385
1257,389
1258,385
1258,70
1259,385
1259,83
1260,385
1260,56
1261,385
1261,390
1262,385
1262,389
1263,385
1263,70
1264,385
1264,83
1265,385
1265,56
1266,385
1266,390
1267,385
1267,389
1268,385
1268,70
1269,385
1269,83
1270,385
1270,56
1271,385
1271,390
1272,385
1272,389
1273,385
1273,70
1274,385
1274,83
1275,385
1275,56
1276,385
1276,390
1277,385
1277,389
1278,385
1278,70
1279,385
1279,83
1280,385
1280,56
1281,385
1281,390
1282,385
1282,389
1283,385
1283,70
1284,385
1284,83
1285,385
1285,27
1286,385
1286,56
1287,385
1287,172
1288,385
1288,177
1289,385
1289,390
1290,385
1290,389
1291,385
1291,70
1292,385
1292,83
1293,385
1293,27
1294,385
1294,56
1295,385
1295,172
1296,385
1296,177
1297,385
1297,390
1298,385
1298,389
1299,385
1299,70
1300,385
1300,83
1301,385
1301,27
1302,385
1302,56
1303,385
1303,172
1304,385
1304,177
1305,385
1305,390
1306,385
1306,389
1307,385
1307,70
1308,385
1308,83
1309,385
1309,27
1310,385
1310,56
1311,385
1311,172
1312,385
1312,177
1313,385
1313,390
1314,385
1314,389
1315,385
1315,70
1316,385
1316,83
1317,385
1317,27
1318,385
1318,56
1319,385
1319,172
1320,385
1320,177
1321,385
1321,390
1322,385
1322,389
1323,385
1323,70
1324,385
1324,83
1325,385
1325,27
1326,385
1326,56
1327,385
1327,172
1328,385
1328,177
1329,385
1329,390
1330,385
1330,389
1331,385
1331,70
1332,385
1332,83
1333,385
1333,56
1334,385
1334,70
1335,385
1335,83
1336,304
1336,379
1337,304
1337,375
1338,304
1338,379
1339,304
1339,375
1340,304
1340,379
1341,304
1341,375
1342,304
1342,379
1343,304
1343,375
1344,177
1344,304
1345,177
1345,304
1346,177
1346,304
1347,248
1347,220
1348,248
1348,220
1349,177
1349,304
1350,27
1350,304
1351,177
1351,304
1352,27
1352,304
1353,172
1353,379
1354,172
1354,216
1355,172
1355,56
1356,172
1356,157
1357,172
1357,20
1358,172
1358,304
1359,172
1359,385
1360,296
1360,304
1361,343
1361,379
1362,343
1362,216
1363,343
1363,157
1364,343
1364,20
1365,343
1365,56
1366,343
1366,304
1367,177
1367,304
1368,27
1368,304
1369,172
1369,379
1370,172
1370,216
1371,172
1371,56
1372,172
1372,157
1373,172
1373,20
1374,172
1374,83
1375,172
1375,304
1376,172
1376,385
1377,296
1377,304
1378,343
1378,379
1379,343
1379,216
1380,343
1380,157
1381,343
1381,20
1382,343
1382,56
1383,343
1383,83
1384,343
1384,304
1385,177
1385,304
1386,27
1386,304
1387,172
1387,379
1388,172
1388,216
1389,172
1389,56
1390,172
1390,157
1391,172
1391,20
1392,172
1392,83
1393,172
1393,304
1394,172
1394,385
1395,296
1395,304
1396,343
1396,379
1397,343
1397,216
1398,343
1398,157
1399,343
1399,20
1400,343
1400,56
1401,343
1401,83
1402,343
1402,304
1403,177
1403,304
1404,27
1404,304
1405,172
1405,379
1406,172
1406,216
1407,172
1407,56
1408,172
1408,157
1409,172
1409,20
1410,172
1410,83
1411,172
1411,304
1412,172
1412,385
1413,296
1413,304
1414,343
1414,379
1415,343
1415,216
1416,343
1416,157
1417,343
1417,20
1418,343
1418,56
1419,343
1419,83
1420,343
1420,304
1421,177
1421,304
1422,27
1422,304
1423,172
1423,379
1424,172
1424,216
1425,172
1425,56
1426,172
1426,157
1427,172
1427,20
1428,172
1428,83
1429,172
1429,304
1430,172
1430,385
1431,296
1431,304
1432,343
1432,379
1433,343
1433,216
1434,343
1434,157
1435,343
1435,20
1436,343
1436,56
1437,343
1437,83
1438,343
1438,304
1439,177
1439,304
1440,27
1440,304
1441,172
1441,379
1442,172
1442,216
1443,172
1443,56
1444,172
1444,157
1445,172
1445,20
1446,172
1446,83
1447,172
1447,304
1448,172
1448,385
1449,296
1449,304
1450,343
1450,379
1451,343
1451,216
1452,343
1452,157
1453,343
1453,20
1454,343
1454,56
1455,343
1455,83
1456,343
1456,304
1457,177
1457,304
1458,27
1458,304
1459,172
1459,379
1460,172
1460,216
1461,172
1461,56
1462,172
1462,157
1463,172
1463,20
1464,172
1464,83
1465,172
1465,304
1466,177
1466,375
1467,172
1467,385
1468,296
1468,304
1469,296
1469,304
1470,343
1470,379
1471,343
1471,216
1472,343
1472,157
1473,343
1473,20
1474,343
1474,56
1475,343
1475,83
1476,343
1476,304
1477,343
1477,375
1478,390
1478,83
1479,177
1479,304
1480,27
1480,304
1481,172
1481,379
1482,172
1482,216
1483,172
1483,56
1484,172
1484,157
1485,172
1485,20
1486,172
1486,304
1487,177
1487,375
1488,296
1488,304
1489,296
1489,375
1490,343
1490,379
1491,343
1491,216
1492,343
1492,157
1493,343
1493,20
1494,343
1494,56
1495,343
1495,304
1496,343
1496,375
1497,375
1497,291
1498,177
1498,291
1499,375
1499,3333
1500,375
1500,3333
1501,375
1501,3333
1502,375
1502,245
1503,375
1503,245
1504,375
1504,349
1505,375
1505,349
1506,375
1506,349
1507,375
1507,349
1508,375
1508,349
1509,375
1509,349
1510,375
1510,349
1511,375
1511,349
1512,375
1512,349
1513,375
1513,349
1514,375
1514,296
1515,375
1515,296
1516,375
1516,296
1517,375
1517,296
1518,375
1518,296
1519,375
1519,296
1520,375
1520,296
1521,375
1521,296
1522,375
1522,296
1523,375
1523,296
1524,375
1524,296
1525,375
1525,296
1526,375
1526,296
1527,375
1527,296
1528,375
1528,296
1529,375
1529,296
1530,375
1530,296
1531,375
1531,296
1532,375
1532,296
1533,375
1533,296
1534,375
1534,296
1535,375
1535,296
1536,375
1536,296
1537,375
1537,296
1538,375
1538,296
1539,375
1539,296
1540,375
1540,296
1541,375
1541,296
1542,375
1542,296
1543,375
1543,177
1544,375
1544,296
1545,375
1545,177
1546,83
1546,385
1547,27
1547,385
1548,83
1548,385
1549,66
1549,177
1550,66
1550,304
1551,375
1551,177
1552,375
1552,304
1553,66
1553,177
1554,66
1554,304
1555,375
1555,177
1556,375
1556,304
1557,66
1557,177
1558,66
1558,304
1559,379
1559,304
1560,375
1560,177
1561,375
1561,304
1562,66
1562,304
1563,66
1563,385
1564,379
1564,304
1565,379
1565,385
1566,375
1566,304
1567,375
1567,385
1568,390
1568,385
1569,390
1569,304
1570,389
1570,385
1571,389
1571,304
1572,66
1572,304
1573,66
1573,385
1574,379
1574,304
1575,379
1575,385
1576,375
1576,304
1577,375
1577,385
1578,390
1578,385
1579,390
1579,304
1580,389
1580,385
1581,389
1581,304
1582,66
1582,304
1583,66
1583,385
1584,379
1584,304
1585,379
1585,385
1586,375
1586,304
1587,375
1587,385
1588,390
1588,385
1589,390
1589,304
1590,389
1590,385
1591,389
1591,304
1592,66
1592,304
1593,66
1593,385
1594,379
1594,304
1595,379
1595,385
1596,375
1596,304
1597,375
1597,385
1598,390
1598,385
1599,390
1599,304
1600,389
1600,385
1601,389
1601,304
1602,379
1602,157
1603,216
1603,157
1604,379
1604,157
1605,216
1605,157
1606,20
1606,157
1607,56
1607,157
1608,375
1608,157
1609,379
1609,170
1610,216
1610,170
1611,20
1611,170
1612,56
1612,170
1613,375
1613,170
1614,379
1614,157
1615,216
1615,157
1616,20
1616,157
1617,375
1617,157
1618,379
1618,170
1619,216
1619,170
1620,20
1620,170
1621,375
1621,170
1622,87
1622,170
1623,87
1623,157
1624,379
1624,157
1625,216
1625,157
1626,20
1626,157
1627,379
1627,157
1628,216
1628,157
1629,20
1629,157
1630,379
1630,66
1631,379
1631,390
1632,379
1632,389
1633,379
1633,177
1634,379
1634,178
1635,216
1635,66
1636,216
1636,390
1637,216
1637,389
1638,216
1638,177
1639,216
1639,178
1640,20
1640,66
1641,20
1641,390
1642,20
1642,389
1643,20
1643,177
1644,20
1644,178
1645,375
1645,390
1646,375
1646,389
1647,379
1647,66
1648,379
1648,390
1649,379
1649,389
1650,379
1650,177
1651,379
1651,178
1652,216
1652,66
1653,216
1653,390
1654,216
1654,389
1655,216
1655,177
1656,216
1656,178
1657,20
1657,66
1658,20
1658,390
1659,20
1659,389
1660,20
1660,177
1661,20
1661,178
1662,375
1662,177
1663,379
1663,66
1664,379
1664,390
1665,379
1665,389
1666,379
1666,177
1667,216
1667,66
1668,216
1668,390
1669,216
1669,389
1670,216
1670,177
1671,20
1671,66
1672,20
1672,390
1673,20
1673,389
1674,20
1674,177
1675,375
1675,390
1676,375
1676,389
1677,375
1677,177
1678,375
1678,177
1679,379
1679,66
1680,379
1680,390
1681,379
1681,389
1682,379
1682,177
1683,216
1683,66
1684,216
1684,390
1685,216
1685,389
1686,216
1686,177
1687,20
1687,66
1688,20
1688,390
1689,20
1689,389
1690,20
1690,177
1691,375
1691,66
1692,375
1692,390
1693,375
1693,389
1694,375
1694,177
1695,379
1695,66
1696,379
1696,390
1697,379
1697,389
1698,379
1698,304
1699,379
1699,177
1700,216
1700,66
1701,216
1701,390
1702,216
1702,389
1703,216
1703,304
1704,216
1704,177
1705,20
1705,66
1706,20
1706,390
1707,20
1707,389
1708,20
1708,304
1709,20
1709,177
1710,375
1710,66
1711,375
1711,390
1712,375
1712,389
1713,375
1713,304
1714,375
1714,177
1715,379
1715,304
1716,216
1716,304
1717,20
1717,304
1718,375
1718,304
1719,375
1719,177
1720,379
1720,56
1721,379
1721,172
1722,379
1722,385
1723,379
1723,304
1724,216
1724,56
1725,216
1725,172
1726,216
1726,385
1727,216
1727,304
1728,20
1728,56
1729,20
1729,172
1730,20
1730,385
1731,20
1731,304
1732,375
1732,56
1733,375
1733,172
1734,375
1734,385
1735,375
1735,304
1736,375
1736,177
1737,379
1737,56
1738,379
1738,172
1739,379
1739,83
1740,379
1740,385
1741,216
1741,56
1742,216
1742,172
1743,216
1743,83
1744,216
1744,385
1745,20
1745,56
1746,20
1746,172
1747,20
1747,83
1748,20
1748,385
1749,375
1749,56
1750,375
1750,172
1751,375
1751,83
1752,375
1752,385
1753,70
1753,56
1754,70
1754,172
1755,70
1755,83
1756,70
1756,385
1757,379
1757,56
1758,379
1758,172
1759,379
1759,83
1760,379
1760,385
1761,216
1761,56
1762,216
1762,172
1763,216
1763,83
1764,216
1764,385
1765,20
1765,56
1766,20
1766,172
1767,20
1767,83
1768,20
1768,385
1769,375
1769,56
1770,375
1770,172
1771,375
1771,83
1772,375
1772,385
1773,70
1773,56
1774,70
1774,172
1775,70
1775,83
1776,70
1776,385
1777,379
1777,56
1778,379
1778,172
1779,379
1779,83
1780,379
1780,385
1781,216
1781,56
1782,216
1782,172
1783,216
1783,83
1784,216
1784,385
1785,20
1785,56
1786,20
1786,172
1787,20
1787,83
1788,20
1788,385
1789,375
1789,56
1790,375
1790,172
1791,375
1791,83
1792,375
1792,385
1793,70
1793,56
1794,70
1794,172
1795,70
1795,83
1796,70
1796,385
1797,379
1797,56
1798,379
1798,172
1799,379
1799,385
1800,216
1800,56
1801,216
1801,172
1802,216
1802,385
1803,20
1803,56
1804,20
1804,172
1805,20
1805,385
1806,375
1806,56
1807,375
1807,172
1808,375
1808,385
1809,379
1809,385
1810,379
1810,304
1811,216
1811,385
1812,216
1812,304
1813,20
1813,385
1814,20
1814,304
1815,56
1815,385
1816,56
1816,304
1817,172
1817,385
1818,172
1818,304
1819,375
1819,385
1820,375
1820,304
1821,375
1821,304
1822,379
1822,385
1823,379
1823,304
1824,216
1824,385
1825,216
1825,304
1826,20
1826,385
1827,20
1827,304
1828,56
1828,385
1829,56
1829,304
1830,172
1830,385
1831,172
1831,304
1832,375
1832,385
1833,375
1833,304
1834,379
1834,385
1835,379
1835,304
1836,216
1836,385
1837,216
1837,304
1838,20
1838,385
1839,20
1839,304
1840,56
1840,385
1841,56
1841,304
1842,172
1842,385
1843,172
1843,304
1844,375
1844,385
1845,375
1845,304
1846,379
1846,385
1847,379
1847,304
1848,216
1848,385
1849,216
1849,304
1850,20
1850,385
1851,20
1851,304
1852,56
1852,385
1853,56
1853,304
1854,172
1854,385
1855,172
1855,304
1856,375
1856,385
1857,375
1857,304
1858,379
1858,385
1859,379
1859,304
1860,216
1860,385
1861,216
1861,304
1862,20
1862,385
1863,20
1863,304
1864,56
1864,385
1865,56
1865,304
1866,172
1866,385
1867,172
1867,304
1868,375
1868,385
1869,375
1869,304
1870,379
1870,385
1871,379
1871,304
1872,216
1872,385
1873,216
1873,304
1874,20
1874,385
1875,20
1875,304
1876,56
1876,385
1877,56
1877,304
1878,172
1878,385
1879,172
1879,304
1880,375
1880,385
1881,375
1881,304
1882,379
1882,385
1883,379
1883,304
1884,216
1884,385
1885,216
1885,304
1886,20
1886,385
1887,20
1887,304
1888,56
1888,385
1889,56
1889,304
1890,375
1890,385
1891,375
1891,304
1892,379
1892,385
1893,379
1893,304
1894,216
1894,385
1895,216
1895,304
1896,20
1896,385
1897,20
1897,304
1898,56
1898,385
1899,56
1899,304
1900,390
1900,385
1901,390
1901,304
1902,389
1902,385
1903,389
1903,304
1904,379
1904,385
1905,379
1905,304
1906,216
1906,385
1907,216
1907,304
1908,20
1908,385
1909,20
1909,304
1910,56
1910,385
1911,56
1911,304
1912,390
1912,385
1913,390
1913,304
1914,389
1914,385
1915,389
1915,304
1916,379
1916,385
1917,379
1917,304
1918,216
1918,385
1919,216
1919,304
1920,20
1920,385
1921,20
1921,304
1922,56
1922,385
1923,56
1923,304
1924,390
1924,385
1925,390
1925,304
1926,389
1926,385
1927,389
1927,304
1928,379
1928,385
1929,379
1929,304
1930,216
1930,385
1931,216
1931,304
1932,20
1932,385
1933,20
1933,304
1934,379
1934,385
1935,379
1935,304
1936,216
1936,385
1937,216
1937,304
1938,379
1938,385
1939,379
1939,304
1940,216
1940,385
1941,216
1941,304
1942,20
1942,385
1943,20
1943,304
1944,379
1944,385
1945,379
1945,304
1946,216
1946,385
1947,216
1947,304
1948,20
1948,385
1949,20
1949,304
1950,216
1950,304
1951,216
1951,172
1952,216
1952,375
1953,177
1953,304
1954,177
1954,172
1955,177
1955,375
1956,27
1956,304
1957,27
1957,172
1958,27
1958,375
1959,343
1959,304
1960,343
1960,172
1961,343
1961,375
1962,83
1962,304
1963,83
1963,172
1964,83
1964,375
1965,216
1965,20
1966,216
1966,304
1967,216
1967,172
1968,216
1968,375
1969,177
1969,20
1970,177
1970,304
1971,177
1971,172
1972,177
1972,375
1973,27
1973,20
1974,27
1974,304
1975,27
1975,172
1976,27
1976,375
1977,343
1977,20
1978,343
1978,304
1979,343
1979,172
1980,343
1980,375
1981,83
1981,20
1982,83
1982,304
1983,83
1983,172
1984,83
1984,375
1985,216
1985,20
1986,216
1986,304
1987,216
1987,172
1988,216
1988,375
1989,177
1989,20
1990,177
1990,304
1991,177
1991,172
1992,177
1992,375
1993,27
1993,20
1994,27
1994,304
1995,27
1995,172
1996,27
1996,375
1997,343
1997,20
1998,343
1998,304
1999,343
1999,172
2000,343
2000,375
2001,83
2001,20
2002,83
2002,304
2003,83
2003,172
2004,83
2004,375
2005,385
2005,83
2006,216
2006,20
2007,216
2007,304
2008,216
2008,172
2009,216
2009,375
2010,177
2010,20
2011,177
2011,304
2012,177
2012,172
2013,177
2013,375
2014,27
2014,20
2015,27
2015,304
2016,27
2016,172
2017,27
2017,375
2018,343
2018,20
2019,343
2019,304
2020,343
2020,172
2021,343
2021,375
2022,66
2022,20
2023,66
2023,304
2024,66
2024,172
2025,66
2025,375
2026,83
2026,20
2027,83
2027,304
2028,83
2028,172
2029,83
2029,375
2030,216
2030,20
2031,216
2031,304
2032,216
2032,172
2033,216
2033,375
2034,177
2034,20
2035,177
2035,304
2036,177
2036,172
2037,177
2037,375
2038,27
2038,20
2039,27
2039,304
2040,27
2040,172
2041,27
2041,375
2042,343
2042,20
2043,343
2043,304
2044,343
2044,172
2045,343
2045,375
2046,66
2046,20
2047,66
2047,304
2048,66
2048,172
2049,66
2049,375
2050,83
2050,20
2051,83
2051,304
2052,83
2052,172
2053,83
2053,375
2054,216
2054,20
2055,216
2055,304
2056,216
2056,172
2057,216
2057,375
2058,56
2058,20
2059,56
2059,304
2060,56
2060,172
2061,56
2061,375
2062,379
2062,20
2063,379
2063,172
2064,379
2064,375
2065,177
2065,20
2066,177
2066,304
2067,177
2067,172
2068,177
2068,375
2069,27
2069,20
2070,27
2070,304
2071,27
2071,172
2072,27
2072,375
2073,343
2073,20
2074,343
2074,304
2075,343
2075,172
2076,343
2076,375
2077,66
2077,20
2078,66
2078,304
2079,66
2079,172
2080,66
2080,375
2081,83
2081,20
2082,83
2082,304
2083,83
2083,172
2084,83
2084,375
2085,216
2085,304
2086,216
2086,172
2087,216
2087,375
2088,56
2088,304
2089,56
2089,172
2090,56
2090,375
2091,379
2091,304
2092,379
2092,172
2093,379
2093,375
2094,177
2094,304
2095,177
2095,172
2096,177
2096,375
2097,27
2097,304
2098,27
2098,172
2099,27
2099,375
2100,343
2100,304
2101,343
2101,172
2102,343
2102,375
2103,66
2103,304
2104,66
2104,172
2105,66
2105,375
2106,83
2106,304
2107,83
2107,172
2108,83
2108,375
2109,216
2109,304
2110,216
2110,172
2111,216
2111,375
2112,56
2112,304
2113,56
2113,172
2114,56
2114,375
2115,379
2115,304
2116,379
2116,172
2117,379
2117,375
2118,177
2118,304
2119,177
2119,172
2120,177
2120,375
2121,27
2121,304
2122,27
2122,172
2123,27
2123,375
2124,343
2124,304
2125,343
2125,172
2126,343
2126,375
2127,66
2127,304
2128,66
2128,172
2129,66
2129,375
2130,83
2130,304
2131,83
2131,172
2132,83
2132,375
2133,216
2133,304
2134,216
2134,172
2135,216
2135,375
2136,56
2136,304
2137,56
2137,172
2138,56
2138,375
2139,379
2139,304
2140,379
2140,172
2141,379
2141,375
2142,177
2142,304
2143,177
2143,172
2144,177
2144,375
2145,27
2145,304
2146,27
2146,172
2147,27
2147,375
2148,343
2148,304
2149,343
2149,172
2150,343
2150,375
2151,66
2151,304
2152,66
2152,172
2153,66
2153,375
2154,83
2154,304
2155,83
2155,172
2156,83
2156,375
2157,66
2157,375
2158,66
2158,375
2159,66
2159,375
2160,66
2160,375
2161,66
2161,375
2162,66
2162,375
2163,66
2163,375
2164,66
2164,375
2165,66
2165,375
2166,66
2166,375
2167,177
2167,375
2168,27
2168,375
2169,70
2169,304
2170,83
2170,304
2171,172
2171,304
2172,70
2172,343
2173,83
2173,343
2174,172
2174,343
2175,70
2175,375
2176,83
2176,375
2177,172
2177,375
2178,70
2178,304
2179,83
2179,304
2180,172
2180,304
2181,70
2181,343
2182,83
2182,343
2183,172
2183,343
2184,70
2184,375
2185,83
2185,375
2186,172
2186,375
2187,70
2187,304
2188,83
2188,304
2189,172
2189,304
2190,70
2190,343
2191,83
2191,343
2192,172
2192,343
2193,70
2193,375
2194,83
2194,375
2195,172
2195,375
2196,70
2196,304
2197,83
2197,304
2198,172
2198,304
2199,70
2199,343
2200,83
2200,343
2201,172
2201,343
2202,70
2202,375
2203,83
2203,375
2204,172
2204,375
2205,70
2205,304
2206,83
2206,304
2207,172
2207,304
2208,70
2208,343
2209,83
2209,343
2210,172
2210,343
2211,70
2211,375
2212,83
2212,375
2213,172
2213,375
2214,70
2214,304
2215,83
2215,304
2216,172
2216,304
2217,70
2217,343
2218,83
2218,343
2219,172
2219,343
2220,70
2220,375
2221,83
2221,375
2222,172
2222,375
2223,375
2223,216
2224,375
2224,304
2225,304
2225,216
2226,20
2226,216
2227,304
2227,172
2228,20
2228,172
2229,304
2229,379
2230,20
2230,379
2231,304
2231,177
2232,20
2232,177
2233,304
2233,27
2234,20
2234,27
2235,20
2235,339
2236,304
2236,339
2237,304
2237,296
2238,20
2238,296
2239,20
2239,344
2240,304
2240,344
2241,304
2241,66
2242,20
2242,66
2243,304
2243,375
2244,20
2244,375
2245,304
2245,216
2246,20
2246,216
2247,304
2247,172
2248,20
2248,172
2249,304
2249,379
2250,20
2250,379
2251,304
2251,177
2252,20
2252,177
2253,304
2253,27
2254,20
2254,27
2255,20
2255,339
2256,304
2256,339
2257,304
2257,296
2258,20
2258,296
2259,20
2259,344
2260,304
2260,344
2261,304
2261,66
2262,20
2262,66
2263,304
2263,375
2264,20
2264,375
2265,304
2265,216
2266,20
2266,216
2267,304
2267,172
2268,20
2268,172
2269,304
2269,379
2270,20
2270,379
2271,304
2271,177
2272,20
2272,177
2273,304
2273,27
2274,20
2274,27
2275,20
2275,339
2276,304
2276,339
2277,304
2277,296
2278,20
2278,296
2279,20
2279,344
2280,304
2280,344
2281,304
2281,66
2282,20
2282,66
2283,304
2283,375
2284,20
2284,375
2285,304
2285,216
2286,20
2286,216
2287,304
2287,172
2288,20
2288,172
2289,304
2289,379
2290,20
2290,379
2291,304
2291,177
2292,20
2292,177
2293,304
2293,27
2294,20
2294,27
2295,20
2295,339
2296,304
2296,339
2297,304
2297,296
2298,20
2298,296
2299,20
2299,344
2300,304
2300,344
2301,304
2301,66
2302,20
2302,66
2303,304
2303,375
2304,20
2304,375
2305,304
2305,216
2306,304
2306,172
2307,304
2307,379
2308,304
2308,177
2309,304
2309,27
2310,304
2310,339
2311,304
2311,296
2312,304
2312,344
2313,304
2313,66
2314,304
2314,375
2315,304
2315,216
2316,304
2316,172
2317,304
2317,379
2318,304
2318,177
2319,304
2319,27
2320,304
2320,339
2321,304
2321,296
2322,304
2322,344
2323,304
2323,66
2324,304
2324,375
2325,304
2325,216
2326,304
2326,172
2327,304
2327,379
2328,304
2328,177
2329,304
2329,27
2330,304
2330,339
2331,304
2331,296
2332,304
2332,344
2333,304
2333,66
2334,304
2334,375
2335,304
2335,216
2336,304
2336,172
2337,304
2337,379
2338,304
2338,177
2339,304
2339,27
2340,304
2340,339
2341,304
2341,296
2342,304
2342,344
2343,304
2343,66
2344,304
2344,375
2345,304
2345,216
2346,304
2346,172
2347,304
2347,379
2348,304
2348,177
2349,304
2349,27
2350,304
2350,339
2351,304
2351,296
2352,304
2352,344
2353,304
2353,66
2354,304
2354,375
2355,304
2355,216
2356,304
2356,172
2357,304
2357,379
2358,304
2358,177
2359,304
2359,27
2360,304
2360,339
2361,304
2361,296
2362,304
2362,344
2363,304
2363,66
2364,304
2364,375
2365,304
2365,216
2366,304
2366,172
2367,304
2367,379
2368,304
2368,177
2369,304
2369,27
2370,304
2370,339
2371,304
2371,296
2372,304
2372,344
2373,304
2373,66
2374,304
2374,375
2375,304
2375,216
2376,304
2376,172
2377,304
2377,379
2378,304
2378,177
2379,304
2379,27
2380,304
2380,339
2381,304
2381,296
2382,304
2382,344
2383,304
2383,66
2384,304
2384,375
2385,177
2385,375
2386,177
2386,375
2387,177
2387,375
2388,177
2388,375
2389,177
2389,375
2390,177
2390,375
2391,177
2391,375
2392,177
2392,375
2393,177
2393,375
2394,177
2394,375
2395,177
2395,375
2396,177
2396,375
2397,177
2397,375
2398,177
2398,375
2399,177
2399,375
2400,177
2400,375
2401,177
2401,375
2402,177
2402,375
2403,177
2403,375
2404,177
2404,375
2405,172
2405,379
2406,172
2406,157
2407,172
2407,216
2408,172
2408,20
2409,56
2409,379
2410,56
2410,216
2411,56
2411,20
2412,56
2412,157
2413,172
2413,379
2414,172
2414,157
2415,172
2415,216
2416,172
2416,20
2417,56
2417,379
2418,56
2418,216
2419,56
2419,20
2420,56
2420,157
2421,304
2421,375
2422,304
2422,375
2423,304
2423,177
2424,304
2424,375
2425,304
2425,177
2426,304
2426,379
2427,304
2427,375
2428,304
2428,177
2429,304
2429,379
2430,304
2430,349
2431,375
2431,349
2432,379
2432,349
2433,304
2433,349
2434,375
2434,349
2435,379
2435,349
2436,304
2436,375
2437,291
2437,375
2438,304
2438,375
2439,291
2439,375
2440,304
2440,375
2441,291
2441,375
2442,304
2442,375
2443,291
2443,375
2444,304
2444,375
2445,291
2445,375
2446,304
2446,375
2447,291
2447,375
2448,304
2448,375
2449,291
2449,375
2450,304
2450,375
2451,291
2451,375
2452,304
2452,375
2453,291
2453,375
2454,390
2454,385
2455,389
2455,385
2456,390
2456,385
2457,389
2457,385
2458,390
2458,385
2459,389
2459,385
2460,390
2460,385
2461,389
2461,385
2462,390
2462,385
2463,389
2463,385
2464,390
2464,385
2465,389
2465,385
2466,390
2466,385
2467,389
2467,385
2468,390
2468,385
2469,389
2469,385
2470,390
2470,385
2471,389
2471,385
2472,390
2472,385
2473,389
2473,385
2474,390
2474,385
2475,389
2475,385
2476,390
2476,385
2477,389
2477,385
2478,390
2478,385
2479,389
2479,385
2480,390
2480,385
2481,389
2481,385
2482,390
2482,385
2483,389
2483,385
2484,390
2484,385
2485,389
2485,385
2486,390
2486,385
2487,389
2487,385
2488,390
2488,385
2489,389
2489,385
2490,390
2490,385
2491,389
2491,385
2492,390
2492,385
2493,389
2493,385
2494,390
2494,385
2495,389
2495,385
2496,390
2496,385
2497,389
2497,385
2498,390
2498,385
2499,389
2499,385
2500,390
2500,385
2501,389
2501,385
2502,390
2502,385
2503,389
2503,385
2504,390
2504,385
2505,389
2505,385
2506,390
2506,385
2507,389
2507,385
2508,390
2508,385
2509,389
2509,385
2510,390
2510,385
2511,389
2511,385
2512,390
2512,385
2513,389
2513,385
2514,379
2514,83
2515,216
2515,83
2516,379
2516,177
2517,216
2517,177
2518,216
2518,304
2519,379
2519,99999
2520,216
2520,99999
2521,379
2521,304
2522,379
2522,220
2523,216
2523,220
2524,248
2524,83
2525,379
2525,83
2526,216
2526,83
2527,248
2527,177
2528,379
2528,177
2529,216
2529,177
2530,248
2530,304
2531,216
2531,304
2532,248
2532,343
2533,379
2533,343
2534,216
2534,343
2535,248
2535,99999
2536,379
2536,99999
2537,216
2537,99999
2538,379
2538,304
2539,248
2539,220
2540,379
2540,220
2541,216
2541,220
2542,248
2542,82
2543,216
2543,82
2544,248
2544,83
2545,379
2545,83
2546,216
2546,83
2547,248
2547,177
2548,379
2548,177
2549,216
2549,177
2550,248
2550,296
2551,379
2551,296
2552,379
2552,296
2553,216
2553,296
2554,248
2554,304
2555,216
2555,304
2556,248
2556,343
2557,379
2557,343
2558,216
2558,343
2559,248
2559,99999
2560,379
2560,99999
2561,216
2561,99999
2562,379
2562,304
2563,248
2563,220
2564,379
2564,220
2565,216
2565,220
2566,248
2566,82
2567,216
2567,82
2568,248
2568,83
2569,379
2569,83
2570,216
2570,83
2571,248
2571,177
2572,379
2572,177
2573,216
2573,177
2574,248
2574,240
2575,379
2575,240
2576,216
2576,240
2577,248
2577,296
2578,379
2578,296
2579,379
2579,296
2580,216
2580,296
2581,248
2581,304
2582,216
2582,304
2583,248
2583,343
2584,379
2584,343
2585,216
2585,343
2586,248
2586,99999
2587,379
2587,99999
2588,216
2588,99999
2589,379
2589,304
2590,248
2590,220
2591,379
2591,220
2592,216
2592,220
2593,248
2593,177
2594,379
2594,177
2595,216
2595,177
2596,248
2596,240
2597,379
2597,240
2598,216
2598,240
2599,248
2599,296
2600,379
2600,296
2601,216
2601,296
2602,248
2602,304
2603,216
2603,304
2604,248
2604,343
2605,379
2605,343
2606,216
2606,343
2607,248
2607,99999
2608,379
2608,99999
2609,216
2609,99999
2610,379
2610,304
2611,248
2611,220
2612,379
2612,220
2613,216
2613,220
